Workbook

Sheet 📋 README
B2: Norvik Apparel GmbH - Scope 3 Carbon Accounting Model
B5: GHG Protocol Scope 3 - Categories 1 & 4 | Base Year: 2024 | Portfolio Project
B7: Model Structure
B8: Sheet | C8: Purpose
B9: 📋 README | C9: This page - model overview, instructions & assumptions log
B10: ⚙️ Assumptions | C10: All hardcoded inputs (emission factors, unit costs). Edit here only.
B11: 🚢 Cat4 Transport | C11: Category 4 - Upstream Transport emissions per supplier (formula-driven)
B12: 🌾 Cat1 Materials | C12: Category 1 - Purchased Goods & Services emissions per supplier
B13: 📊 Dashboard | C13: Aggregated Scope 3 results, hotspot matrix & 2030 target tracker
B15: Instructions
B16: Colour convention: | C16: Blue text = hardcoded input | Black = formula | Green = cross-sheet link | Yellow bg = cell you must fill in
B17: Step 1: | C17: Go to ⚙️ Assumptions - review every emission factor and unit cost. Sources are noted beside each value.
B18: Step 2: | C18: Go to 🚢 Cat4 Transport - all formulas are pre-built. Your transport data is loaded; results calculate automatically.
B19: Step 3: | C19: Go to 🌾 Cat1 Materials - review material emission factors. Yellow cells need your supplier spend data (€).
B20: Step 4: | C20: Go to 📊 Dashboard - once Cat1 and Cat4 are complete, the dashboard auto-populates your Scope 3 total.
B21: Limitation note: | C21: All emission factors use Tier 2 (DEFRA 2024) or Tier 3 (industry average) data. Document this as a methodology limitation in your report.

Sheet ⚙️ Assumptions
A1: ⚙️ ASSUMPTIONS & EMISSION FACTORS
A3: A. Transport Emission Factors (Category 4)
B4: Transport Mode | C4: EF (kgCO₂e / tonne-km) | D4: Unit | E4: Source
B5: Sea freight | C5: 0.016 | D5: kgCO₂e/t-km | E5: DEFRA 2024, Heavy fuel oil vessel average
B6: Air freight | C6: 0.602 | D6: kgCO₂e/t-km | E6: DEFRA 2024, Long-haul belly freight
B7: Road freight (HGV) | C7: 0.062 | D7: kgCO₂e/t-km | E7: DEFRA 2024, 26-32t laden average
B8: Rail freight | C8: 0.028 | D8: kgCO₂e/t-km | E8: DEFRA 2024, European average
B9: Multimodal (sea+rail) | C9: =C5*0.6+C8*0.4 -> 0.0208 | D9: kgCO₂e/t-km | E9: Weighted blend: 60% sea / 40% rail (assumption)
B10: Named Ranges (used in formulas):
B11: → Cells C5:C9 are referenced directly by name in Cat4 sheet formulas.
A13: B. Material Emission Factors (Category 1)
B14: Material | C14: EF (kgCO₂e / kg) | D14: Unit | E14: Source / Notes
B15: Organic cotton yarn | C15: 3.7 | D15: kgCO₂e/kg | E15: SAC Higg MSI 2023 / Textile Exchange
B16: Cut & sewn cotton T-shirt | C16: 4.5 | D16: kgCO₂e/kg | E16: Industry avg. incl. manufacturing energy (ecoinvent 3.9)
B17: Knitted wool garment | C17: 18.5 | D17: kgCO₂e/kg | E17: SAC Higg MSI 2023 - Merino wool, incl. enteric fermentation
B18: Recycled polyester fabric | C18: 3.1 | D18: kgCO₂e/kg | E18: Textile Exchange 2023 - rPET vs. 9.5 virgin PET
B19: Raw Merino wool tops | C19: 23.8 | D19: kgCO₂e/kg | E19: SAC Higg MSI 2023 - raw fibre, land use + CH4
B20: Dyed & finished fabric | C20: 5.2 | D20: kgCO₂e/kg | E20: Base fibre ~3.5 + dyeing energy add-on ~1.7 (ZDHC est.)
B21: Recycled nylon (zips) | C21: 7.6 | D21: kgCO₂e/kg | E21: Textile Exchange 2023 - rPA6 vs. 14.5 virgin nylon
A23: C. Supplier Spend Data (for spend-based cross-check - enter your estimates)
B24: Supplier Name | C24: Est. Annual Spend (€) | D24: Spend EF Sector | E24: Spend EF (kgCO₂e / €)
B25: Shanxi Cotton Co. | C25: 1850000 | D25: Textile - yarn manufacturing | E25: 0.42
B26: PT Garuda Tekstil | C26: 5460000 | D26: Apparel - cut & sew | E26: 0.51
B27: Textil Maroc SA | C27: 2880000 | D27: Apparel - knitting | E27: 0.48
B28: Far East Poly Ltd. | C28: 1240000 | D28: Textile - synthetic fabric | E28: 0.39
B29: Nordic Wool AS | C29: 1120000 | D29: Agriculture - livestock | E29: 0.87
B30: Chennai Dye Works | C30: 1110000 | D30: Textile - dyeing & finishing | E30: 0.63
B31: EcoZip Taiwan | C31: 630000 | D31: Apparel - accessories | E31: 0.44
A33: D. Reduction Target Parameters
B34: Parameter | C34: Value | D34: Unit | E34: Notes
B35: Base Year | C35: 2024 | D35: Year | E35: GHG Protocol base year - do not change
B36: Target Year | C36: 2030 | D36: Year | E36: Norvik SBTi commitment deadline
B37: Reduction Target (%) | C37: 0.3 | D37: % | E37: 30% absolute reduction from base year
B38: Interim Target 2027 (%) | C38: 0.15 | D38: % | E38: Supplier Engagement Strategy Tier A milestone

Sheet 🚢 Cat4 Transport
A1: 🚢 CATEGORY 4 - Upstream Transportation & Distribution
B2: Formula: Emissions (kgCO₂e) = Volume (kg) ÷ 1,000 × Distance (km) × Emission Factor (kgCO₂e/tonne-km)
B4: Supplier Name | C4: Location | D4: Material Provided | E4: Annual Volume (kg) | F4: Transport Mode | G4: Distance to Hamburg (km) | H4: EF Used (kgCO₂e/t-km) | I4: EF Source Cell | J4: Transport Emissions (kgCO₂e) | K4: Transport Emissions (tCO₂e) | L4: Notes / Flags | M4: % of Cat4 Total
B5: Shanxi Cotton Co. | C5: Zhengzhou, China | D5: Organic cotton yarn | E5: 85000 | F5: Multimodal (sea+rail) | G5: 9200 | H5: ='⚙️ Assumptions'!C9 -> 0.0208 | I5: Assumptions!C9 | J5: =(E5/1000)*G5*H5 -> 16265.6 | K5: =J5/1000 -> 16.2656 | L5: Multimodal: sea Shanghai→Hamburg + rail inland | M5: =IFERROR(K5/K$12,"-") -> 0.14171683
B6: PT Garuda Tekstil | C6: Bandung, Indonesia | D6: Cut & sewn cotton T-shirts | E6: 189000 | F6: Sea freight | G6: 11800 | H6: ='⚙️ Assumptions'!C5 -> 0.016 | I6: Assumptions!C5 | J6: =(E6/1000)*G6*H6 -> 35683.2 | K6: =J6/1000 -> 35.6832 | L6: Assume avg 450g/unit × 420,000 units | M6: =IFERROR(K6/K$12,"-") -> 0.310896
B7: Textil Maroc SA | C7: Casablanca, Morocco | D7: Knitted wool garments | E7: 108000 | F7: Road freight (HGV) | G7: 2400 | H7: ='⚙️ Assumptions'!C7 -> 0.062 | I7: Assumptions!C7 | J7: =(E7/1000)*G7*H7 -> 16070.4 | K7: =J7/1000 -> 16.0704 | L7: Assume avg 600g/unit × 180,000 units | M7: =IFERROR(K7/K$12,"-") -> 0.14001611
B8: Far East Poly Ltd. | C8: Ho Chi Minh City, Vietnam | D8: Recycled polyester fabric | E8: 62000 | F8: Sea freight | G8: 10500 | H8: ='⚙️ Assumptions'!C5 -> 0.016 | I8: Assumptions!C5 | J8: =(E8/1000)*G8*H8 -> 10416 | K8: =J8/1000 -> 10.416 | M8: =IFERROR(K8/K$12,"-") -> 0.090751186
B9: Nordic Wool AS | C9: Stavanger, Norway | D9: Raw Merino wool tops | E9: 28000 | F9: Road freight (HGV) | G9: 1650 | H9: ='⚙️ Assumptions'!C7 -> 0.062 | I9: Assumptions!C7 | J9: =(E9/1000)*G9*H9 -> 2864.4 | K9: =J9/1000 -> 2.8644 | L9: Shortest route; lowest transport footprint | M9: =IFERROR(K9/K$12,"-") -> 0.024956576
B10: Chennai Dye Works | C10: Chennai, India | D10: Dyed & finished fabric | E10: 74000 | F10: Sea freight | G10: 8200 | H10: ='⚙️ Assumptions'!C5 -> 0.016 | I10: Assumptions!C5 | J10: =(E10/1000)*G10*H10 -> 9708.8 | K10: =J10/1000 -> 9.7088 | M10: =IFERROR(K10/K$12,"-") -> 0.084589584
B11: EcoZip Taiwan | C11: Taichung, Taiwan | D11: Recycled nylon zips & trims | E11: 4200 | F11: Air freight | G11: 9400 | H11: ='⚙️ Assumptions'!C6 -> 0.602 | I11: Assumptions!C6 | J11: =(E11/1000)*G11*H11 -> 23766.96 | K11: =J11/1000 -> 23.76696 | L11: ⚠️ AIR FREIGHT - highest EF; convert to sea = quick win | M11: =IFERROR(K11/K$12,"-") -> 0.20707371
B12: TOTAL - Category 4 | J12: =SUM(J5:J11) -> 114775.36 | K12: =SUM(K5:K11) -> 114.77536 | M12: =IFERROR(SUM(M5:M11),"-") -> 1
B14: 📌 Methodology Note: Activity data = Volume (kg) ÷ 1,000 × Distance (km) = tonne-km. Emission factors from DEFRA 2024 Greenhouse Gas Conversion Factors (freight transport). T-shirt & garment volumes converted to kg using assumed unit weights (noted in column Notes). Multimodal EF = weighted blend of 60% sea + 40% rail (see Assumptions C9).

Sheet 🌾 Cat1 Materials
A1: 🌾 CATEGORY 1 - Purchased Goods & Services
B2: Formula: Emissions (kgCO₂e) = Volume (kg) × Material EF (kgCO₂e/kg) | Cross-check: Spend (€) × Spend EF (kgCO₂e/€) | Yellow cells = enter your estimates
B4: Supplier Name | C4: Location | D4: Material Provided | E4: Annual Volume (kg) | F4: Material EF (kgCO₂e/kg) | G4: Cat1 Emissions (kgCO₂e) [Physical method] | H4: Cat1 Emissions (tCO₂e) | I4: Est. Spend (€) [enter in Assumptions C] | J4: Spend-based Emissions (tCO₂e) [cross-check] | K4: Variance [Physical vs Spend] | L4: % of Cat1 Total
B5: {='🚢 Cat4 Transport'!B5:B11} -> Shanxi Cotton Co. | C5: {='🚢 Cat4 Transport'!C5:C11} -> Zhengzhou, China | D5: {='🚢 Cat4 Transport'!D5:D11} -> Organic cotton yarn | E5: {='🚢 Cat4 Transport'!E5:E11} -> 85000 | F5: ='⚙️ Assumptions'!C15 -> 3.7 | G5: =E5*F5 -> 314500 | H5: =G5/1000 -> 314.5 | I5: ='⚙️ Assumptions'!C25 -> 1850000 | J5: =IF(I5="","",I5*'⚙️ Assumptions'!E25/1000) -> 777 | K5: =IF(J5="","-",H5-J5) -> -462.5 | L5: =IFERROR(H5/H$12,"-") -> 0.070860145
B6: PT Garuda Tekstil | C6: Bandung, Indonesia | D6: Cut & sewn cotton T-shirts | E6: 189000 | F6: ='⚙️ Assumptions'!C16 -> 4.5 | G6: =E6*F6 -> 850500 | H6: =G6/1000 -> 850.5 | I6: ='⚙️ Assumptions'!C26 -> 5460000 | J6: =IF(I6="","",I6*'⚙️ Assumptions'!E26/1000) -> 2784.6 | K6: =IF(J6="","-",H6-J6) -> -1934.1 | L6: =IFERROR(H6/H$12,"-") -> 0.19162656
B7: Textil Maroc SA | C7: Casablanca, Morocco | D7: Knitted wool garments | E7: 108000 | F7: ='⚙️ Assumptions'!C17 -> 18.5 | G7: =E7*F7 -> 1998000 | H7: =G7/1000 -> 1998 | I7: ='⚙️ Assumptions'!C27 -> 2880000 | J7: =IF(I7="","",I7*'⚙️ Assumptions'!E27/1000) -> 1382.4 | K7: =IF(J7="","-",H7-J7) -> 615.6 | L7: =IFERROR(H7/H$12,"-") -> 0.45017033
B8: Far East Poly Ltd. | C8: Ho Chi Minh City, Vietnam | D8: Recycled polyester fabric | E8: 62000 | F8: ='⚙️ Assumptions'!C18 -> 3.1 | G8: =E8*F8 -> 192200 | H8: =G8/1000 -> 192.2 | I8: ='⚙️ Assumptions'!C28 -> 1240000 | J8: =IF(I8="","",I8*'⚙️ Assumptions'!E28/1000) -> 483.6 | K8: =IF(J8="","-",H8-J8) -> -291.4 | L8: =IFERROR(H8/H$12,"-") -> 0.043304674
B9: Nordic Wool AS | C9: Stavanger, Norway | D9: Raw Merino wool tops | E9: 28000 | F9: ='⚙️ Assumptions'!C19 -> 23.8 | G9: =E9*F9 -> 666400 | H9: =G9/1000 -> 666.4 | I9: ='⚙️ Assumptions'!C29 -> 1120000 | J9: =IF(I9="","",I9*'⚙️ Assumptions'!E29/1000) -> 974.4 | K9: =IF(J9="","-",H9-J9) -> -308 | L9: =IFERROR(H9/H$12,"-") -> 0.1501469
B10: Chennai Dye Works | C10: Chennai, India | D10: Dyed & finished fabric | E10: 74000 | F10: ='⚙️ Assumptions'!C20 -> 5.2 | G10: =E10*F10 -> 384800 | H10: =G10/1000 -> 384.8 | I10: ='⚙️ Assumptions'!C30 -> 1110000 | J10: =IF(I10="","",I10*'⚙️ Assumptions'!E30/1000) -> 699.3 | K10: =IF(J10="","-",H10-J10) -> -314.5 | L10: =IFERROR(H10/H$12,"-") -> 0.086699472
B11: EcoZip Taiwan | C11: Taichung, Taiwan | D11: Recycled nylon zips & trims | E11: 4200 | F11: ='⚙️ Assumptions'!C21 -> 7.6 | G11: =E11*F11 -> 31920 | H11: =G11/1000 -> 31.92 | I11: ='⚙️ Assumptions'!C31 -> 630000 | J11: =IF(I11="","",I11*'⚙️ Assumptions'!E31/1000) -> 277.2 | K11: =IF(J11="","-",H11-J11) -> -245.28 | L11: =IFERROR(H11/H$12,"-") -> 0.0071919105
B12: TOTAL - Category 1 | G12: =SUM(G5:G11) -> 4438320 | H12: =SUM(H5:H11) -> 4438.32 | L12: 100.0%
B14: 📌 Methodology Note: Physical intensity method used as primary calculation. Material emission factors from SAC Higg MSI 2023, Textile Exchange 2023, and ecoinvent 3.9. Spend-based method (EXIOBASE sector averages) used as cross-check only - enter spend values in ⚙️ Assumptions Sheet C. T-shirt weight assumed 450g/unit; wool garment assumed 600g/unit. Update these in column D if you have better data.

Sheet 📊 Dashboard
A1: 📊 SCOPE 3 DASHBOARD - Norvik Apparel GmbH | Base Year 2024
B3: Total Scope 3 (tCO₂e) | C3: Category 4 Transport | D3: Category 1 Materials | E3: Cat1 Share of Total | F3: Cat4 Share of Total | G3: 2030 Target (tCO₂e) | H3: Required Reduction
B4: ='🚢 Cat4 Transport'!K12+'🌾 Cat1 Materials'!H12 -> 4553.0954 | C4: ='🚢 Cat4 Transport'!K12 -> 114.77536 | D4: ='🌾 Cat1 Materials'!H12 -> 4438.32 | E4: =IFERROR('🌾 Cat1 Materials'!H12/('🚢 Cat4 Transport'!K12+'🌾 Cat1 Materials'!H12),"-") -> 0.9747918 | F4: =IFERROR('🚢 Cat4 Transport'!K12/('🚢 Cat4 Transport'!K12+'🌾 Cat1 Materials'!H12),"-") -> 0.025208205 | G4: =('🚢 Cat4 Transport'!K12+'🌾 Cat1 Materials'!H12)*( 1 - '⚙️ Assumptions'!C37) -> 3187.1668 | H4: =('🚢 Cat4 Transport'!K12+'🌾 Cat1 Materials'!H12)*'⚙️ Assumptions'!C37 -> 1365.9286
A6: Supplier Emissions Summary (Cat1 + Cat4 combined)
B7: Supplier Name | C7: Location | D7: Cat4 tCO₂e | E7: Cat1 tCO₂e | F7: Total tCO₂e | G7: % of Scope 3 Total | H7: 2030 Target (−30%) | I7: Reduction Required (tCO₂e) | J7: Tier | K7: Tier Key
B8: ='🚢 Cat4 Transport'!B5 -> Shanxi Cotton Co. | C8: Zhengzhou, China | D8: ='🚢 Cat4 Transport'!K5 -> 16.2656 | E8: ='🌾 Cat1 Materials'!H5 -> 314.5 | F8: =D8+E8 -> 330.7656 | G8: =IFERROR(F8/F$15,"-") -> 0.072646315 | H8: =F8*(1-'⚙️ Assumptions'!C37) -> 231.53592 | I8: =F8-H8 -> 99.22968 | J8: C | K8: A | L8: Strategic Partners - >30% Scope 3 or critical material. Require: Annual CDP disclosure + joint roadmap. Offer: Co-investment, volume guarantees.
B9: ='🚢 Cat4 Transport'!B6 -> PT Garuda Tekstil | C9: Bandung, Indonesia | D9: ='🚢 Cat4 Transport'!K6 -> 35.6832 | E9: ='🌾 Cat1 Materials'!H6 -> 850.5 | F9: =D9+E9 -> 886.1832 | G9: =IFERROR(F9/F$15,"-") -> 0.19463313 | H9: =F9*(1-'⚙️ Assumptions'!C37) -> 620.32824 | I9: =F9-H9 -> 265.85496 | J9: A
B10: ='🚢 Cat4 Transport'!B7 -> Textil Maroc SA | C10: Casablanca, Morocco | D10: ='🚢 Cat4 Transport'!K7 -> 16.0704 | E10: ='🌾 Cat1 Materials'!H7 -> 1998 | F10: =D10+E10 -> 2014.0704 | G10: =IFERROR(F10/F$15,"-") -> 0.4423519 | H10: =F10*(1-'⚙️ Assumptions'!C37) -> 1409.8493 | I10: =F10-H10 -> 604.22112 | J10: A | K10: B | L10: Development Partners - 10–30% share or high energy intensity. Require: GHG self-assessment, 2-yr improvement plan. Offer: Training, measurement tools.
B11: ='🚢 Cat4 Transport'!B8 -> Far East Poly Ltd. | C11: Ho Chi Minh City, Vietnam | D11: ='🚢 Cat4 Transport'!K8 -> 10.416 | E11: ='🌾 Cat1 Materials'!H8 -> 192.2 | F11: =D11+E11 -> 202.616 | G11: =IFERROR(F11/F$15,"-") -> 0.044500715 | H11: =F11*(1-'⚙️ Assumptions'!C37) -> 141.8312 | I11: =F11-H11 -> 60.7848 | J11: C
B12: ='🚢 Cat4 Transport'!B9 -> Nordic Wool AS | C12: Stavanger, Norway | D12: ='🚢 Cat4 Transport'!K9 -> 2.8644 | E12: ='🌾 Cat1 Materials'!H9 -> 666.4 | F12: =D12+E12 -> 669.2644 | G12: =IFERROR(F12/F$15,"-") -> 0.14699108 | H12: =F12*(1-'⚙️ Assumptions'!C37) -> 468.48508 | I12: =F12-H12 -> 200.77932 | J12: B | K12: C | L12: Monitored Suppliers - <10% share. Require: Annual self-assessment questionnaire. Escalate or flag for substitution if non-responsive.
B13: ='🚢 Cat4 Transport'!B10 -> Chennai Dye Works | C13: Chennai, India | D13: ='🚢 Cat4 Transport'!K10 -> 9.7088 | E13: ='🌾 Cat1 Materials'!H10 -> 384.8 | F13: =D13+E13 -> 394.5088 | G13: =IFERROR(F13/F$15,"-") -> 0.086646285 | H13: =F13*(1-'⚙️ Assumptions'!C37) -> 276.15616 | I13: =F13-H13 -> 118.35264 | J13: B
B14: ='🚢 Cat4 Transport'!B11 -> EcoZip Taiwan | C14: Taichung, Taiwan | D14: ='🚢 Cat4 Transport'!K11 -> 23.76696 | E14: ='🌾 Cat1 Materials'!H11 -> 31.92 | F14: =D14+E14 -> 55.68696 | G14: =IFERROR(F14/F$15,"-") -> 0.012230572 | H14: =F14*(1-'⚙️ Assumptions'!C37) -> 38.980872 | I14: =F14-H14 -> 16.706088 | J14: C | K14: ⚠️ From 2028: contract renewals include a minimum emissions performance clause. Two consecutive years of no data = contract review.
B15: TOTAL Scope 3 | D15: =SUM(D8:D14) -> 114.77536 | E15: =SUM(E8:E14) -> 4438.32 | F15: =SUM(F8:F14) -> 4553.0954 | G15: 100.0% | H15: =SUM(H8:H14) -> 3187.1668 | I15: =SUM(I8:I14) -> 1365.9286
A17: Hotspot Analysis - Key Insights to Document in Your Report
B18: Supplier / Flag | C18: Insight & Decarbonisation Lever
B19: 🔴 #1 Highest priority - Textil Maroc SA | C19: 44% of total Scope 3 (2,014 tCO₂e). Driver is knitted wool at 18.5 kgCO₂e/kg × 108t - NOT transport. Key levers: (1) transition to recycled wool blend (EF ~3.5 kgCO₂e/kg = ~81% reduction per kg); (2) require supplier energy audit. Tier B - escalate to Tier A immediately given emissions share.
B20: 🔴 #2 High priority - PT Garuda Tekstil | C20: 19.5% of total Scope 3 (886 tCO₂e). Largest volume supplier (420k units). Even a 10% manufacturing energy efficiency improvement yields ~85 tCO₂e reduction. Key levers: renewable energy tariff, lean production. Tier A - require annual CDP disclosure and joint roadmap.
B21: 🟡 #3 Medium priority - Nordic Wool AS | C21: 14.7% of total Scope 3 (669 tCO₂e). Despite shortest distance (1,650 km), raw Merino wool EF of 23.8 kgCO₂e/kg drives high Cat1 emissions. Key lever: switch to certified recycled Merino or blended fibre. Supplier is in Norway - likely open to sustainability dialogue. Tier B.
B22: 🟡 #4 Medium priority - Chennai Dye Works | C22: 8.7% of total Scope 3 (395 tCO₂e). Dyeing & finishing is energy and water intensive. Key levers: renewable energy switch, waterless dyeing technology (e.g. DyeCoo). Tier B.
B23: 🟢 #5–7 Lower priority - Shanxi, Far East Poly, EcoZip Taiwan | C23: Shanxi (7.3%) and Far East Poly (4.5%) - material substitution already partially addressed via organic cotton and rPET. EcoZip Taiwan (1.2% total) is tiny in absolute terms BUT uses air freight - mode shift to sea is the single easiest quick win in the whole model (saves ~21 tCO₂e at near-zero cost). Flag for immediate commercial conversation.
A25: 2030 Target Progress Tracker (update annually)
B26: Reporting Year | C26: Scope 3 Actual (tCO₂e) | D26: vs Base Year (% change) | E26: On Track? | F26: Notes
B27: 2024 | C27: =F15 -> 4553.0954 | D27: =IFERROR((C27-$C$27)/$C$27,"-") -> 0 | E27: ✅ Base Year | F27: BASE YEAR
B28: 2025 | D28: =IF(C28="","-",(C28-$C$27)/$C$27) -> - | E28: =IF(C28="","-",IF(D28<=-'⚙️ Assumptions'!C37*(2025-2024)/6*(2024<=2030),"✅ On Track","⚠️ Behind")) -> -
B29: 2026 | D29: =IF(C29="","-",(C29-$C$27)/$C$27) -> - | E29: =IF(C29="","-",IF(D29<=-'⚙️ Assumptions'!C37*(2026-2024)/6*(2024<=2030),"✅ On Track","⚠️ Behind")) -> -
B30: 2027 | D30: =IF(C30="","-",(C30-$C$27)/$C$27) -> - | E30: =IF(C30="","-",IF(D30<=-'⚙️ Assumptions'!C37*(2027-2024)/6*(2024<=2030),"✅ On Track","⚠️ Behind")) -> - | F30: Interim target: −15%
B31: 2028 | D31: =IF(C31="","-",(C31-$C$27)/$C$27) -> - | E31: =IF(C31="","-",IF(D31<=-'⚙️ Assumptions'!C37*(2028-2024)/6*(2024<=2030),"✅ On Track","⚠️ Behind")) -> -
B32: 2029 | D32: =IF(C32="","-",(C32-$C$27)/$C$27) -> - | E32: =IF(C32="","-",IF(D32<=-'⚙️ Assumptions'!C37*(2029-2024)/6*(2024<=2030),"✅ On Track","⚠️ Behind")) -> -
B33: 2030 | D33: =IF(C33="","-",(C33-$C$27)/$C$27) -> - | E33: =IF(C33="","-",IF(D33<=-'⚙️ Assumptions'!C37*(2030-2024)/6*(2024<=2030),"✅ On Track","⚠️ Behind")) -> - | F33: Final target: −30%
